Month,Year,Month_Name,Active_Users,Transactions_Mn,Transaction_Value_Cr,Avg_Transaction_Value_INR,Success_Rate_%,Failure_Rate_%
2020-01-01,2020,Jan,258344,109.11,18347.52,1681.56,96.54,3.46
2020-02-01,2020,Feb,332492,131.52,17566.12,1335.62,97.56,2.44
2020-03-01,2020,Mar,267591,147.83,20703.19,1400.47,96.02,3.98
2020-04-01,2020,Apr,253017,142.71,21690.51,1519.9,96.87,3.13
2020-05-01,2020,May,293810,159.66,23926.81,1498.61,96.91,3.09
2020-06-01,2020,Jun,295771,173.13,24034.99,1388.26,96.82,3.18
2020-07-01,2020,Jul,360393,194.73,26578.01,1364.86,96.8,3.2
2020-08-01,2020,Aug,345446,203.84,30177.03,1480.43,96.31,3.69
2020-09-01,2020,Sep,294490,217.52,29639.61,1362.62,96.59,3.41
2020-10-01,2020,Oct,296480,238.64,31511.1,1320.45,95.98,4.02
2020-11-01,2020,Nov,487283,242.68,32289.76,1330.55,96.23,3.77
2020-12-01,2020,Dec,531996,234.36,34125.05,1456.1,96.66,3.34
2021-01-01,2021,Jan,484853,254.19,37645.17,1480.99,96.6,3.4
2021-02-01,2021,Feb,609654,264.11,39698.81,1503.12,96.31,3.69
2021-03-01,2021,Mar,496105,280.7,39852.24,1419.74,94.9,5.1
2021-04-01,2021,Apr,660628,292.83,41294.15,1410.17,96.48,3.52
2021-05-01,2021,May,735949,307.44,44035.33,1432.32,95.67,4.33
2021-06-01,2021,Jun,568290,320.5,44390.82,1385.05,96.7,3.3
2021-07-01,2021,Jul,742826,338.03,46790.87,1384.22,97.33,2.67
2021-08-01,2021,Aug,728944,336.83,49867.55,1480.5,98.27,1.73
2021-09-01,2021,Sep,584138,358.76,50148.18,1397.82,95.89,4.11
2021-10-01,2021,Oct,733022,355.65,51035.2,1434.98,97.2,2.8
2021-11-01,2021,Nov,688220,381.03,53507.85,1404.29,96.61,3.39
2021-12-01,2021,Dec,738288,379.31,56253.51,1483.05,96.63,3.37
2022-01-01,2022,Jan,756914,386.78,57025.6,1474.37,96.32,3.68
2022-02-01,2022,Feb,871997,407.05,57741.6,1418.54,97.07,2.93
2022-03-01,2022,Mar,786856,421.86,60359.98,1430.81,95.39,4.61
2022-04-01,2022,Apr,886563,445.78,61202.9,1372.94,96.73,3.27
2022-05-01,2022,May,698222,456.04,62307.18,1366.27,96.54,3.46
2022-06-01,2022,Jun,944620,459.91,65088.56,1415.25,96.89,3.11
2022-07-01,2022,Jul,1015382,463.09,66552.59,1437.14,95.69,4.31
2022-08-01,2022,Aug,976867,478.25,67409.31,1409.5,97.47,2.53
2022-09-01,2022,Sep,1080262,505.13,69035.03,1366.68,96.37,3.63
2022-10-01,2022,Oct,952771,501.57,72215.56,1439.79,96.59,3.41
2022-11-01,2022,Nov,930620,524.11,72613.06,1385.45,96.18,3.82
2022-12-01,2022,Dec,1105345,542.19,75519.22,1392.86,97.59,2.41
2023-01-01,2023,Jan,1112327,534.06,76782.5,1437.71,96.34,3.66
2023-02-01,2023,Feb,1056420,554.57,75776.89,1366.41,97.46,2.54
2023-03-01,2023,Mar,1000708,570.24,80559.94,1412.74,96.63,3.37
2023-04-01,2023,Apr,1267075,582.12,82348.19,1414.63,96.98,3.02
2023-05-01,2023,May,1080920,591.82,84613.93,1429.72,96.9,3.1
2023-06-01,2023,Jun,1127741,602.77,84710.24,1405.35,96.12,3.88
2023-07-01,2023,Jul,1309057,618.77,86037.56,1390.46,97.11,2.89
2023-08-01,2023,Aug,1053325,622.44,86989.13,1397.55,96.37,3.63
2023-09-01,2023,Sep,1200417,632.83,88866.1,1404.26,96.87,3.13
2023-10-01,2023,Oct,1150858,652.31,92720.67,1421.42,95.06,4.94
2023-11-01,2023,Nov,1294321,672.84,95453.8,1418.67,96.3,3.7
2023-12-01,2023,Dec,1370445,672.65,95240.54,1415.9,96.1,3.9
2024-01-01,2024,Jan,1354361,673.5,97796.62,1452.07,96.86,3.14
2024-02-01,2024,Feb,1275203,701.61,98463.73,1403.4,95.53,4.47
2024-03-01,2024,Mar,1314588,709.55,100067.97,1410.3,95.66,4.34
2024-04-01,2024,Apr,1365720,708.28,101620.4,1434.75,96.39,3.61
2024-05-01,2024,May,1435629,725.0,105254.05,1451.78,97.57,2.43
2024-06-01,2024,Jun,1610675,740.59,105152.97,1419.85,97.39,2.61
2024-07-01,2024,Jul,1426453,755.6,107456.64,1422.14,96.59,3.41
2024-08-01,2024,Aug,1581250,768.21,108251.24,1409.14,96.84,3.16
2024-09-01,2024,Sep,1471139,772.76,109689.4,1419.45,96.76,3.24
2024-10-01,2024,Oct,1396790,774.91,110847.5,1430.46,96.35,3.65
2024-11-01,2024,Nov,1694802,807.26,112409.49,1392.48,96.45,3.55
2024-12-01,2024,Dec,1612005,807.33,114864.99,1422.78,96.81,3.19
2025-01-01,2025,Jan,1697361,816.6,115543.6,1414.94,96.46,3.54
2025-02-01,2025,Feb,1666153,819.96,117563.2,1433.77,96.72,3.28
2025-03-01,2025,Mar,1755525,838.15,120597.42,1438.85,97.5,2.5
2025-04-01,2025,Apr,1739962,850.97,122041.68,1434.15,96.32,3.68
2025-05-01,2025,May,1766903,852.05,122771.04,1440.89,95.22,4.78
2025-06-01,2025,Jun,1673511,863.8,123823.58,1433.48,96.57,3.43
2025-07-01,2025,Jul,1771527,892.91,127798.14,1431.25,98.08,1.92
2025-08-01,2025,Aug,1820413,904.34,128240.88,1418.06,97.9,2.1
2025-09-01,2025,Sep,1824521,898.14,129767.78,1444.85,96.57,3.43
2025-10-01,2025,Oct,1767409,915.64,130444.3,1424.62,95.59,4.41
2025-11-01,2025,Nov,1855303,949.47,132213.6,1392.5,96.4,3.6
2025-12-01,2025,Dec,1927101,947.67,135252.09,1427.21,96.42,3.58
2026-01-01,2026,Jan,1965680,956.73,136657.24,1428.38,95.75,4.25
2026-02-01,2026,Feb,1899812,973.8,138985.77,1427.25,97.13,2.87
2026-03-01,2026,Mar,1927361,973.55,139336.03,1431.22,96.21,3.79
2026-04-01,2026,Apr,2020334,983.17,139892.52,1422.87,95.49,4.51
2026-05-01,2026,May,1914574,1022.92,142249.92,1390.63,96.86,3.14
2026-06-01,2026,Jun,1977102,1012.65,144503.26,1426.98,95.6,4.4
